Id,Name,Surname,Initials,Age,DateOfBirth
4392245866428,Michael,Wilson,MW,73,13/03/1955
6819352528746,Benjamin,Rodriguez,BR,26,13/03/1947
3740997550531,Mason,Martin,MM,98,13/03/1930
2027402480099,Noah,Brown,NB,80,13/03/1969
3577013700190,Charlotte,Jackson,CJ,63,13/03/1961
2259701612100,James,Smith,JS,73,13/03/1934
6358642909105,Liam,Martinez,LM,80,13/03/2005
0447570152627,Ava,Johnson,AJ,20,13/03/1930
9090238477265,Olivia,Jones,OJ,48,13/03/1992
9670586846508,Charlotte,Williams,CW,70,13/03/1929
0011379569107,Olivia,Wilson,OW,27,13/03/1944
2377448325077,Abigail,Hernandez,AH,47,13/03/1993
8040007909317,Elijah,Harris,EH,92,13/03/2001
5694057531143,Michael,Garcia,MG,96,13/03/1970
6824144455796,Noah,Harris,NH,91,13/03/1984
9038236967851,Ethan,Davis,ED,76,13/03/1936
1184462922827,Noah,Johnson,NJ,58,13/03/1991
7573462587587,Mason,Harris,MH,66,13/03/1955
9379084663081,Noah,Martinez,NM,49,13/03/1967
3455475079460,Charlotte,Wilson,CW,56,13/03/1979
5684079808342,Liam,Jones,LJ,94,13/03/1985
1026218545241,Charlotte,Davis,CD,82,13/03/1960
5321067899409,Elijah,Garcia,EG,41,13/03/1999
8478059445163,Evelyn,Hernandez,EH,24,13/03/2003
0254522148129,Olivia,Garcia,OG,33,13/03/1946
9420530810896,Benjamin,Lopez,BL,69,13/03/1936
1570891424926,Emma,White,EW,86,13/03/1958
3158487139588,Ava,Davis,AD,80,13/03/1952
9055853187863,Liam,Miller,LM,56,13/03/1926
8523686929749,Amelia,White,AW,35,13/03/1951
6095564134179,Amelia,White,AW,77,13/03/1991
6011450407206,Jacob,Gonzalez,JG,82,13/03/1986
0970687373794,Benjamin,Anderson,BA,86,13/03/1925
6219166693566,Amelia,Williams,AW,87,13/03/1945
3316517242550,Ava,Rodriguez,AR,24,13/03/1986
4766170465339,Jacob,Gonzalez,JG,71,13/03/1939
6878052627386,William,White,WW,48,13/03/1953
0290654667372,Evelyn,Davis,ED,38,13/03/1977
7055109106411,Jacob,Johnson,JJ,87,13/03/1988
9386639705455,Mason,Anderson,MA,45,13/03/1964
1992383421803,Noah,Martinez,NM,92,13/03/1984
9380562859729,Liam,Lopez,LL,56,13/03/1935
8475329864073,Mason,Anderson,MA,86,13/03/1962
8638834160868,Ava,Lopez,AL,62,13/03/1973
0692407600964,Elijah,Johnson,EJ,36,13/03/1945
5002900791815,Charlotte,Thomas,CT,28,13/03/1988
9024338147563,Jacob,Garcia,JG,19,13/03/1957
9367769853643,Emma,Hernandez,EH,52,13/03/1977
2452881993377,Michael,Anderson,MA,33,13/03/1947
4689985774691,Noah,Lopez,NL,83,13/03/1944
